"X","LabID","weighted_mean","long","lat","Material"
25,"BETA-326856",1647.45862626907,9.9141,61.5668,"Charcoal"
26,"BETA-326857",3558.87030725358,9.9141,61.5668,"Charcoal"
27,"BETA-326858",1461.11625340455,9.9141,61.5668,"Charcoal"
28,"BETA-326859",1778.3451825187,9.9141,61.5668,"Charcoal"
29,"BETA-326860",1647.45862626907,9.9141,61.5668,"Charcoal"
251,"Beta-322380",2030.66238917076,9.9141,61.5668,"Charcoal"
252,"Beta-322381",1472.87767324341,9.9141,61.5668,"Charcoal"
253,"Beta-322382",1698.59460403661,9.9141,61.5668,"Charcoal"
254,"Beta-322383",1607.78805367341,9.9141,61.5668,"Charcoal"
255,"Beta-322384",1607.78805367341,9.9141,61.5668,"Charcoal"
256,"Beta-322385",1438.63264823942,9.9141,61.5668,"Charcoal"
257,"Beta-322386",1504.12115087365,9.9141,61.5668,"Charcoal"
258,"Beta-322387",3590.92084170459,9.9141,61.5668,"Charcoal"
259,"Beta-322388",1632.35782568999,9.9141,61.5668,"Charcoal"
260,"Beta-322389",1671.27363562365,9.9141,61.5668,"Charcoal"
272,"Beta-365414",532.887670057786,9.895807,61.569751,"Seed"
273,"Beta-365521",1615.96733628783,9.895807,61.569751,"Charcoal"
274,"Beta-365522",1983.70385093652,9.86,61.55,"Charcoal"
275,"Beta-365523",1038.5268703537,9.86,61.55,"Charcoal"
276,"Beta-365524",1383.38412804663,9.86,61.55,"Charcoal"
352,"Beta-74645",3978.04800011163,7.147255,61.91441,"charcoal"
353,"Beta-74646",4036.25588114145,7.147255,61.91441,"charcoal"
354,"Beta-78028",4132.52785332483,7.147255,61.91441,"grain"
1960,"Lus-12396",626.650619522844,9.205104,60.31874,"charcoal"
1961,"Lus-12397",825.920265294487,9.205104,60.31874,"charcoal"
1962,"Lus-12398",588.708734343841,9.205104,60.31874,"charcoal"
1963,"Lus-12399",821.037396997678,9.205104,60.31874,"charcoal"
1964,"Lus-12400",615.345064884351,9.205104,60.31874,"charcoal"
1965,"Lus-12401",673.266811338036,9.205104,60.31874,"charcoal"
1966,"Lus-12402",766.187287809084,9.205104,60.31874,"charcoal"
1995,"Lus-12493",1612.39943388456,8.41,61.22,"charcoal"
1996,"Lus-12494",7815.52822172859,8.41,61.22,"charcoal"
1997,"Lus-12495",1612.39943388456,8.41,61.22,"charcoal"
1998,"Lus-12496",1690.522789967,8.41,61.22,"charcoal"
1999,"Lus-12497",1442.80113682669,8.41,61.22,"charcoal"
2000,"Lus-12498",1461.88589422951,8.41,61.22,"charcoal"
2001,"Lus-12499",1634.44554444497,8.41,61.22,"charcoal"
2002,"Lus-12500",764.194794662776,8.41,61.22,"charcoal"
2003,"Lus-12501",1608.46737695423,8.41,61.22,"charcoal"
2004,"Lus-12502",1456.52623372472,8.41,61.22,"charcoal"
2005,"Lus-12503",1461.88589422951,8.41,61.22,"charcoal"
2006,"Lus-12504",1469.71207792887,8.41,61.22,"charcoal"
2007,"Lus-12505",1450.32937123315,8.41,61.22,"charcoal"
2172,"Lus-13255",1051.61237133364,8.04,60.59,"charcoal"
2173,"Lus-13256",810.742281828223,8.04,60.59,"charcoal"
2174,"Lus-13257",794.14966268115,8.04,60.59,"charcoal"
2175,"Lus-13258",815.748972104541,8.04,60.59,"charcoal"
2176,"Lus-13259",1115.2514629942,8.04,60.59,"charcoal"
2177,"Lus-13260",853.624363910976,8.04,60.59,"macrofossil"
2323,"Lus-13487",1036.4843315068,9.094062,60.567473,"charcoal"
2324,"Lus-13488",1873.97346375163,9.094062,60.567473,"charcoal"
2325,"Lus-13489",1022.06180359674,9.094062,60.567473,"charcoal"
2326,"Lus-13490",854.237579387369,9.094062,60.567473,"charcoal"
2327,"Lus-13491",850.015325581542,9.094062,60.567473,"charcoal"
2328,"Lus-13492",815.711786779437,9.094062,60.567473,"charcoal"
2329,"Lus-13493",845.739419887396,9.094062,60.567473,"charcoal"
2333,"Lus-13506",996.558802771284,9.872806,61.127671,"Charcoal"
2334,"Lus-13507",256.302805931528,9.872806,61.127671,"Charcoal"
2335,"Lus-13508",862.350718591662,9.872806,61.127671,"Charcoal"
2336,"Lus-13520",1438.74280926646,9.099985,62.087075,"charcoal"
2337,"Lus-13521",2592.14739627503,9.099985,62.087075,"charcoal"
2339,"Lus-13523",8800.98764621764,9.365432,61.478452,"Burned bone"
2340,"Lus-13524",8521.08487426838,9.365432,61.478452,"Burned bone"
2341,"Lus-13525",8517.04272470771,9.365432,61.478452,"Burned bone"
2342,"Lus-13526",8214.68690705119,9.010917,61.347036,"Burned bone"
2343,"Lus-13527",4361.06542691315,9.010917,61.347036,"Burned bone"
2344,"Lus-13528",4694.99901522762,9.010917,61.347036,"Burned bone"
2345,"Lus-13529",7721.68965633185,9.010917,61.347036,"Burned bone"
2346,"Lus-13530",8408.22066391917,9.010917,61.347036,"Burned bone"
2347,"Lus-13531",5722.13177837456,9.010917,61.347036,"Burned bone"
2348,"Lus-13532",6668.24299225169,9.010917,61.347036,"Burned bone"
2349,"Lus-13533",5048.2909769778,9.010917,61.347036,"Burned bone"
2350,"Lus-13534",7646.84658895955,9.010917,61.347036,"Burned bone"
2351,"Lus-13535",3041.60764326432,9.010917,61.347036,"charcoal"
2373,"Lus-13633",4010.50626571704,9.010917,61.347036,"charcoal"
2374,"Lus-13634",366.778360141493,9.026294,61.341973,"wood"
2430,"Lus-14008",318.836484164776,8.04,60.59,"charcoal"
2431,"Lus-14009",736.925537873424,8.04,60.59,"charcoal"
2432,"Lus-14010",689.2625056897,8.04,60.59,"Burned bone"
2433,"Lus-14011",579.667007948801,8.04,60.59,"charcoal"
2434,"Lus-14012",611.31927622834,8.04,60.59,"charcoal"
2441,"Lus-14046",595.14040586596,8.2818,60.5721,"charcoal"
2442,"Lus-14047",593.279934452244,8.2818,60.5721,"charcoal"
2443,"Lus-14048",677.937113267349,8.2818,60.5721,"charcoal"
2444,"Lus-14049",698.333847798,8.2818,60.5721,"charcoal"
2445,"Lus-14050",706.057883799837,8.2818,60.5721,"charcoal"
2446,"Lus-14051",588.708734343841,8.2818,60.5721,"charcoal"
2447,"Lus-14052",686.017492662636,8.2818,60.5721,"charcoal"
2448,"Lus-14053",571.322020491702,8.2818,60.5721,"charcoal"
2449,"Lus-14054",758.329748931531,8.2818,60.5721,"charcoal"
2450,"Lus-14055",1132.47831107645,8.2818,60.5721,"charcoal"
2451,"Lus-14056",708.314629150791,8.2818,60.5721,"charcoal"
2452,"Lus-14057",766.187287809084,8.2818,60.5721,"charcoal"
2453,"Lus-14058",710.783025981657,8.2818,60.5721,"charcoal"
2454,"Lus-14059",708.506999924464,8.2818,60.5721,"charcoal"
2455,"Lus-14060",748.383265982356,8.2818,60.5721,"charcoal"
2456,"Lus-14061",7352.93473560693,9.465045,60.332357,"charcoal"
2457,"Lus-14062",7052.06049485129,9.465045,60.332357,"charcoal"
2458,"Lus-14063",9327.74063798804,9.465045,60.332357,"charcoal"
2459,"Lus-14064",6635.08868305951,9.465045,60.332357,"charcoal"
2460,"Lus-14065",2294.71748842734,9.508187,60.337722,"charcoal"
2461,"Lus-14066",9112.67809555767,9.465045,60.332357,"charcoal"
2462,"Lus-14067",6141.74075978314,9.465045,60.332357,"Charcoal"
2463,"Lus-14068",1179.4555935613,9.508187,60.337722,"Charcoal"
2541,"Lus-14256",638.309724954699,8.488745,60.872953,"charcoal"
2542,"Lus-14257",692.383621991136,8.488745,60.872953,"charcoal"
2547,"Lus-14262",1456.52623372472,8.04,60.59,"charcoal"
2548,"Lus-14263",716.536741343245,8.04,60.59,"charcoal"
2878,"T-10032",765.486973149807,8.916667,61.25,"Charcoal"
2879,"T-10033",688.852089319423,8.916667,61.25,"Charcoal"
2880,"T-10034",1350.52477379479,8.816667,60.316667,"Charcoal"
2881,"T-10035",1400.92043861491,8.816667,60.316667,"Charcoal"
2896,"T-10180",703.523080990961,8.233333,60.533333,"Charcoal"
2927,"T-10267",1753.83154872014,8.883333,61.216667,"Charcoal"
2928,"T-10268",1734.95422586203,8.883333,61.216667,"Charcoal"
2952,"T-10395",6162.74716307823,8.833333,62.233333,"Charcoal"
3204,"T-11630",2165.2234014123,8.966667,61.1,"Charcoal"
3205,"T-11631",3137.84622047314,8.966667,61.1,"Charcoal"
3356,"T-12473",553.359279549603,8.15,60.533333,"Charcoal"
3357,"T-12474",560.891827679008,8.15,60.533333,"Charcoal"
3358,"T-12475",539.712048275631,8.15,60.533333,"Charcoal"
3359,"T-12476",636.696240529527,8.15,60.533333,"Charcoal"
3516,"T-13023",1996.89797520758,8.15,60.516667,"Charcoal"
3517,"T-13024",668.997570870745,8.15,60.516667,"Charcoal"
3518,"T-13025",1375.81169517601,8.166667,60.533333,"Charcoal"
3519,"T-13026",419.998159990236,8.133333,60.55,"Charcoal"
3520,"T-13027",540.248417842074,8.133333,60.55,"Charcoal"
3521,"T-13028",559.034135462995,8.133333,60.55,"Charcoal"
3522,"T-13029",573.458081068557,8.133333,60.55,"Charcoal"
3523,"T-13030",623.504244924226,8.133333,60.55,"Charcoal"
3538,"T-13091",143.654212275733,8.3,60.616667,"Charcoal"
3548,"T-13125",1018.16597129601,8.166667,60.533333,"Charcoal"
3604,"T-13369",586.39753517552,9.883333,61.583333,"Charcoal"
3605,"T-13370",657.868124655797,9.883333,61.583333,"Charcoal"
3606,"T-13371",593.677318413724,9.883333,61.583333,"Charcoal"
3637,"T-13538",838.665921332232,9.716667,61.6,"Charcoal"
3638,"T-13539",482.242798288705,9.716667,61.6,"Charcoal"
3639,"T-13540",628.527130057826,9.716667,61.6,"Charcoal"
3640,"T-13541",659.59250632291,9.716667,61.6,"Charcoal"
3641,"T-13542",900.85075303041,9.716667,61.6,"Charcoal"
3645,"T-13575",1848.99578074117,9.216667,60.166667,"Charcoal"
3646,"T-13576",1718.32814706999,9.216667,60.166667,"Charcoal"
3647,"T-13577",1621.24087278041,9.216667,60.166667,"Charcoal"
3666,"T-13700",766.721103274864,8.133333,60.516667,"Charcoal"
3667,"T-13701",993.384246495718,8.133333,60.516667,"Charcoal"
3668,"T-13702",831.179446990737,8.133333,60.516667,"Charcoal"
3680,"T-13811",802.896758102243,9.4,60.733333,"Charcoal"
3681,"T-13812",705.073249744692,9.4,60.733333,"Charcoal"
3682,"T-13867",811.824756392815,9.166667,60.533333,"Charcoal"
3683,"T-13879",1289.43910790678,8.166667,60.533333,"Charcoal"
3684,"T-13880",1382.54923881706,8.166667,60.533333,"Charcoal"
3685,"T-13881",718.919114383842,8.166667,60.533333,"Charcoal"
3690,"T-14014",843.798442972651,9.166667,60.033333,"Charcoal"
3698,"T-14165",1251.22846064957,9.4,61.883333,"Charcoal"
3699,"T-14166",421.243958686366,9.4,61.883333,"Charcoal"
3748,"T-14294",617.08927404982,8.1,60.516667,"Charcoal"
3749,"T-14295",695.76185645319,8.1,60.516667,"Charcoal"
3750,"T-14296",603.860849501352,9.166667,60.05,"Charcoal"
3751,"T-14297",161.364487934842,9.166667,60.05,"Charcoal"
3752,"T-14298",178.465205694786,9.166667,60.05,"Charcoal"
3754,"T-14315",563.871204337423,8.1,60.516667,"Charcoal"
3786,"T-1445",4203.86725509639,8.283333,60.083333,"Charcoal"
3794,"T-14459",776.313563530038,8.516667,60.866667,"Charcoal"
3795,"T-14460",776.946798556014,8.516667,60.866667,"Charcoal"
3796,"T-14461",760.020573817479,8.516667,60.866667,"Charcoal"
3797,"T-14462",776.739130347153,8.516667,60.866667,"Charcoal"
3798,"T-14463",855.028622924447,8.516667,60.866667,"Charcoal"
3800,"T-14478",845.244412914916,8.666667,60.716667,"Charcoal"
3801,"T-14479",841.902544292173,8.666667,60.716667,"Charcoal"
3809,"T-1450",3143.31410883831,8.283333,60.083333,"Charcoal"
3810,"T-1451",585.929512292983,8.283333,60.083333,"Charcoal"
3811,"T-1452",2484.40359962411,8.283333,60.083333,"Charcoal"
3838,"T-15037",672.231845634849,8.733333,60.65,"Charcoal"
3840,"T-15039",335.728524277458,8.366667,60.683333,"Charcoal"
3841,"T-15040",379.359402391177,8.366667,60.683333,"Charcoal"
3842,"T-15041",165.25809902675,8.333333,60.583333,"Charcoal"
3843,"T-15042",144.217780940125,8.333333,60.583333,"Charcoal"
3923,"T-15359",3213.13123354686,5.49,60.45,"Charcoal"
3924,"T-15360",6016.4421649859,5.49,60.45,"Charcoal"
3925,"T-15361",1121.63309298152,5.49,60.45,"Charcoal"
3958,"T-15932",1618.21738231746,8.583333,61.116667,"Charcoal"
3961,"T-1609",1624.57636603121,8.283333,60.083333,"Charcoal"
3962,"T-1610",8894.06097405698,8.283333,60.083333,"Charcoal"
3998,"T-16973",11022.6808436978,6.9,62.7833,"Betula charcoal from lower part of hearth"
4000,"T-1709",1830.03527414396,8.283333,60.083333,"Charcoal"
4001,"T-1710",1582.24527063681,8.283333,60.083333,"Charcoal"
4105,"T-19093",2265.53907869538,8.233333,61.933333,"Charcoal"
4106,"T-19094",1875.34720214506,8.233333,61.933333,"Charcoal"
4107,"T-19095",138.859339353164,8.233333,61.933333,"Wood"
4108,"T-19096",473.75630761973,8.233333,61.933333,"Wood"
4109,"T-19097",608.835937632185,8.233333,61.933333,"Wood"
4159,"T-2083",10922.7766856659,9.8406,63.2874,"charcoal"
4163,"T-215",9112.97795135133,7.966667,60.833333,"Charcoal"
4206,"T-256",5639.57549607636,7.966667,60.833333,"Charcoal"
4207,"T-257",6401.99555703544,7.966667,60.833333,"Charcoal"
4243,"T-323",8490.71446143284,7.5,60.583333,"Charcoal"
4257,"T-3479",345.934140704866,9.416667,61.833333,"Wood"
4258,"T-3480",131.573577650501,9.416667,61.833333,"Wood"
4266,"T-3619",1994.20979453743,7.783333,60.8,"Charcoal"
4267,"T-3620",7652.9403032759,7.783333,60.8,"Charcoal"
4268,"T-3621",7778.94950649882,7.783333,60.8,"Charcoal"
4280,"T-4036",1025.59648601289,8.533333,61.716667,"Wood"
4281,"T-4037",859.780938088588,8.533333,61.716667,"Wood"
4284,"T-4041",738.4121137696,9.916667,61.616667,"Birchbark"
4287,"T-4144",601.340955989156,9.1,62.033333,"Charcoal"
4289,"T-4243",829.668519119349,8.883333,61.133333,"Charcoal"
4290,"T-4244",777.712934959648,8.883333,61.133333,"Charcoal"
4291,"T-4245",2602.14704967276,8.883333,61.133333,"Charcoal"
4292,"T-4246",510.527536597772,8.883333,61.133333,"Charcoal"
4293,"T-4247",377.280397170076,8.883333,61.133333,"Charcoal"
4294,"T-4248",847.881724073727,8.916667,61.166667,"Charcoal"
4295,"T-4249",247.705661301644,8.916667,61.166667,"Charcoal"
4296,"T-4250",767.902636532339,8.883333,61.133333,"Charcoal"
4297,"T-4251",986.609204093702,8.883333,61.133333,"Charcoal"
4298,"T-4268",1381.36051096501,8.833333,62.05,"Wood"
4301,"T-4352",527.599908125532,9.75,62.166667,"Charcoal"
4303,"T-4354",384.688390193182,9.75,62.083333,"Charcoal"
4312,"T-4495",3980.13837160498,8.012396,61.16418,""
4313,"T-4567",1035.01372916548,8.666667,61.516667,"Wood"
4338,"T-4744",496.473827811566,8.883333,61.133333,"Charcoal"
4339,"T-4745",425.7659508957,8.883333,61.133333,"Charcoal"
4340,"T-4746",1281.2072367104,8.883333,61.133333,"Charcoal"
4341,"T-4747",618.884285647771,8.883333,61.133333,"Charcoal"
4342,"T-4749",1265.36778547357,8.883333,61.133333,"Charcoal"
4343,"T-4750",1424.68695618628,8.883333,61.133333,"Charcoal"
4344,"T-4751",2901.16932902036,8.883333,61.133333,"Charcoal"
4345,"T-4752",1799.59263101704,8.883333,61.133333,"Charcoal"
4346,"T-4753",1196.14211752149,8.883333,61.133333,"Charcoal"
4348,"T-4779",3757.506407368,7.741926,61.15995,"charcoal"
4349,"T-4780",4135.43035334545,7.742443,61.16066,""
4350,"T-4781",4034.04407678175,7.742443,61.16066,""
4351,"T-4788",2609.63722677934,7.69578,61.15991,""
4384,"T-5174",1335.76909268947,9.55,61.81,"Wood"
4389,"T-5562",2503.16659055459,7.821691,61.25847,""
4390,"T-5563",2283.2719217065,7.821691,61.25847,""
4391,"T-5566",2492.57564828858,7.706785,61.16662,""
4392,"T-5567",2418.68061418836,7.706785,61.16662,""
4394,"T-5602",2236.15622115755,7.821691,61.25847,""
4428,"T-5766",626.840701980758,9.95,61.166667,"Charcoal"
4429,"T-5767",800.726757689502,9.95,61.166667,"Charcoal"
4430,"T-5768",613.963087871713,9.95,61.166667,"Charcoal"
4431,"T-5769",735.078168940584,9.28,60.96,"Charcoal"
4432,"T-5770",793.31059280765,9.28,60.96,"Charcoal"
4433,"T-5771",633.262958147985,9.28,60.96,"Charcoal"
4434,"T-5772",761.181375829539,9.28,60.96,"Charcoal"
4436,"T-5860",2546.85830380559,7.742311,61.16223,""
4437,"T-5861",2520.16789117088,7.742311,61.16223,""
4438,"T-5863",2559.21249056545,7.742311,61.16223,""
4439,"T-5864",2535.81993978539,7.742311,61.16223,""
4440,"T-5918",604.690573836121,9.99,60.95,"Charcoal"
4441,"T-5919",624.237531180964,9.99,60.95,"Charcoal"
4442,"T-5920",607.541147618875,9.99,60.95,"Charcoal"
4443,"T-5921",420.754630588745,9.99,60.95,"Charcoal"
4445,"T-5923",894.124579965916,9.99,60.95,"Charcoal"
4446,"T-6048",1218.58993381815,9.4,61.98,"bone"
4447,"T-6049",1273.31376687662,9.4,61.98,"bone"
4448,"T-6050",707.48555287371,9.4,61.98,"Wood"
4454,"T-6062",2568.16958465558,7.742311,61.16223,""
4455,"T-6064",2394.92637882396,7.742311,61.16223,""
4456,"T-6065",2481.78574667826,7.742311,61.16223,""
4457,"T-6066",2950.1938584787,7.75074,61.16239,""
4458,"T-6067",2831.82112083595,7.75074,61.16239,""
4459,"T-6068",2236.15622115755,7.748053,61.16188,""
4464,"T-6100",2553.02849781354,7.744391,61.16052,""
4465,"T-6105",2519.49959649185,7.742657,61.16334,""
4466,"T-6106",2579.0983299028,7.742657,61.16334,""
4467,"T-6212",2511.99596182402,7.744682,61.16292,""
4487,"T-6463",1120.88189854132,9.4,61.98,"Charcoal"
4488,"T-6464",827.839994252858,9.4,61.98,"Charcoal"
4493,"T-6504",1252.21104582994,9.39,62.08,"Peat"
4494,"T-6505",737.462528971072,9.39,62.08,"Peat"
4496,"T-6629",2813.31598112201,7.851562,61.25012,""
4497,"T-6639",2511.99596182402,7.840154,61.25455,""
4498,"T-6640",2688.18037346947,7.840154,61.25455,""
4511,"T-6683",327.834277240759,8.733333,60.266667,"Wood"
4535,"T-685",1091.59051349583,9,62.25,"Charcoal"
4536,"T-686",1072.63347189233,9,62.25,"Charcoal"
4537,"T-6874",2799.94340705943,7.807714,61.25517,""
4538,"T-6875",2492.57564828858,7.807714,61.25517,""
4540,"T-696",4242.58127772341,7.666667,60.75,"Charcoal"
4541,"T-697",1771.49800799432,7.666667,60.666667,"Charcoal"
4574,"T-7156",3513.91981524724,7.851562,61.25012,""
4575,"T-7157",3332.50244570676,7.851562,61.25012,""
4576,"T-7163",2857.38978973888,7.828804,61.24352,""
4578,"T-7221",824.76713873359,9.4,61.98,"Charcoal"
4579,"T-7222",1070.60120874962,9.4,61.98,"Charcoal"
4580,"T-7223",720.402962641346,9.4,61.98,"Charcoal"
4581,"T-7224",727.991363847304,9.4,61.98,"Wood"
4582,"T-7225",1316.10421974301,9.4,61.98,"Charcoal"
4583,"T-7226",863.143545543699,9.45,62.033333,"Charcoal"
4584,"T-7227",1463.78572620528,9.4,61.98,"Birchbark"
4585,"T-7251",2533.93766894766,7.744391,61.16052,""
4593,"T-7299",390.785811861253,9.0965,60.5678,"bone"
4597,"T-7382",795.375420304775,9.3,61,"Charcoal"
4598,"T-7383",700.564521613125,9.3,61,"Charcoal"
4602,"T-7400",1402.53362229581,9.95,61.166667,"Charcoal"
4603,"T-7401",131.504575990694,9.95,61.166667,"Charcoal"
4604,"T-7402",661.112405495934,9.95,61.166667,"Charcoal"
4605,"T-7403",1165.46111980028,9.95,61.166667,"Charcoal"
4606,"T-7404",532.326715416385,9.95,61.166667,"Charcoal"
4609,"T-7425",777.055593117811,9.3,60.65,"Wood"
4612,"T-7479",269.991838079984,9.1,60.566667,"Charcoal"
4613,"T-7486",629.147677444988,9.95,61.166667,"Charcoal"
4614,"T-7487",339.052737980835,9.95,61.166667,"Charcoal"
4615,"T-7488",720.578451744634,9.95,61.166667,"Charcoal"
4616,"T-7489",560.230390645437,9.95,61.166667,"Wood"
4617,"T-7491",680.326381426324,9.95,61.166667,"Charcoal"
4618,"T-7492",817.741509212903,9.95,61.166667,"Charcoal"
4619,"T-7494",756.321380070299,9.95,61.166667,"Charcoal"
4620,"T-7495",677.000267784158,9.95,61.166667,"Charcoal"
4621,"T-7496",598.472592650221,9.95,61.166667,"Charcoal"
4622,"T-7497",626.840701980758,9.95,61.166667,"Charcoal"
4623,"T-7498",675.002344403061,9.95,61.166667,"Charcoal"
4624,"T-7499",814.689757856097,9.95,61.166667,"Charcoal"
4625,"T-7500",665.059687221776,9.95,61.166667,"Charcoal"
4626,"T-7501",675.145470258888,9.95,61.166667,"Charcoal"
4627,"T-7502",703.359068692461,9.95,61.166667,"Charcoal"
4628,"T-7503",498.808380061346,9.95,61.166667,"Charcoal"
4629,"T-7504",793.31059280765,9.95,61.166667,"Charcoal"
4633,"T-7685",3293.10301035274,7.917555,61.28506,"charcoal"
4634,"T-7686",3923.27137979852,7.917555,61.28506,"charcoal"
4635,"T-7687",1042.65325676398,9.95,61.166667,"Charcoal"
4636,"T-7688",581.289451672002,9.95,61.166667,"Charcoal"
4637,"T-7689",590.433175956129,9.95,61.166667,"Charcoal"
4638,"T-7690",609.472466412349,9.95,61.166667,"Charcoal"
4639,"T-7691",564.830973769137,9.95,61.166667,"Charcoal"
4640,"T-7694",300.25377873904,9.95,61.166667,"Charcoal"
4641,"T-7695",224.168677450534,9.95,61.166667,"Charcoal"
4642,"T-7696",684.822262671752,9.95,61.166667,"Charcoal"
4643,"T-7698",1041.05807947386,9.95,61.166667,"Charcoal"
4644,"T-7699",377.01732123592,9.95,61.166667,"Charcoal"
4645,"T-7700",809.058056971941,9.95,61.166667,"Charcoal"
4646,"T-7703",6185.43148686071,9.95,61.166667,"Charcoal"
4647,"T-7704",4446.31037911767,9.95,61.166667,"Charcoal"
4648,"T-7705",5876.86169700909,9.95,61.166667,"Charcoal"
4649,"T-7706",6326.6921318454,9.95,61.166667,"Charcoal"
4650,"T-7707",5569.62537181415,9.95,61.166667,"Charcoal"
4651,"T-7708",5573.3010914927,9.95,61.166667,"Charcoal"
4652,"T-7709",5633.65128401825,9.95,61.166667,"Charcoal"
4653,"T-7710",1390.16800968551,9.983333,61.116667,"Charcoal"
4654,"T-7711",1651.00869114386,9.983333,61.116667,"Charcoal"
4655,"T-7712",652.323936221498,9.983333,61.116667,"Charcoal"
4656,"T-7713",752.660826741561,9.983333,61.15,"Charcoal"
4657,"T-7714",700.464935990658,9.983333,61.166667,"Charcoal"
4658,"T-7715",601.886790868041,9.983333,61.166667,"Charcoal"
4659,"T-7716",610.944854599141,10,61.166667,"Charcoal"
4660,"T-7717",648.605455576867,9.983333,61.15,"Charcoal"
4661,"T-7718",712.046639710714,9.983333,61.166667,"Charcoal"
4662,"T-7719",605.304350094376,9.983333,61.15,"Charcoal"
4663,"T-7720",579.399081472955,9.983333,61.15,"Charcoal"
4664,"T-7721",737.462528971072,9.983333,61.116667,"Charcoal"
4665,"T-7722",613.362476356474,9.983333,61.133333,"Charcoal"
4666,"T-7829",2512.6388205968,7.917555,61.28506,"charcoal"
4667,"T-7830",3797.06189466747,7.917555,61.28506,"charcoal"
4668,"T-7831",3842.37440490655,7.917555,61.28506,"charcoal"
4669,"T-7832",3685.86288012229,7.917555,61.28506,"charcoal"
4670,"T-7833",3562.32005975502,7.917555,61.28506,"charcoal"
4675,"T-7906",821.505350963579,9.95,61.166667,"Charcoal"
4676,"T-7907",464.488581268711,9.95,61.166667,"Birchbark"
4677,"T-7908",1543.73293550158,9.95,61.166667,"Birchbark"
4678,"T-7909",536.188925518096,9.95,61.166667,"Charcoal"
4679,"T-7910",597.469799611013,9.95,61.166667,"Birchbark"
4680,"T-7911",404.324747414529,9.95,61.166667,"Birchbark"
4681,"T-7912",584.975930603747,9.95,61.166667,"Charcoal"
4682,"T-7913",624.237531180964,9.95,61.166667,"Charcoal"
4683,"T-7920",743.96674539286,9.95,61.166667,"Charcoal"
4684,"T-7921",248.060684728442,9.95,61.166667,"Charcoal"
4685,"T-7922",777.712934959648,9.95,61.166667,"Charcoal"
4686,"T-7923",821.505350963579,9.95,61.166667,"Charcoal"
4687,"T-7924",2453.90118953608,9.95,61.166667,"Wood"
4688,"T-7925",6030.38669350929,9.95,61.166667,"Charcoal"
4689,"T-7926",2435.66029830643,9.95,61.166667,"Charcoal"
4690,"T-7927",7862.45074999373,9.95,61.166667,"Charcoal"
4691,"T-7928",6644.56280857046,9.95,61.166667,"Charcoal"
4692,"T-7929",5257.17990936366,9.95,61.166667,"Charcoal"
4693,"T-7930",6292.18251008407,9.95,61.166667,"Charcoal"
4694,"T-7931",6271.252107713,9.95,61.166667,"Charcoal"
4695,"T-7932",6480.44699179421,9.95,61.166667,"Charcoal"
4696,"T-7933",7152.65380326642,9.95,61.166667,"Charcoal"
4697,"T-7934",6463.27906600331,9.95,61.166667,"Charcoal"
4698,"T-7936",5691.47949125655,9.95,61.166667,"Charcoal"
4699,"T-7937",1600.87183631966,9.983333,61.116667,"Charcoal"
4700,"T-7938",1667.23425035039,9.983333,61.116667,"Charcoal"
4701,"T-7939",1523.92632606124,9.983333,61.116667,"Charcoal"
4702,"T-7940",2129.74372518738,9.983333,61.166667,"Charcoal"
4703,"T-7941",1616.20982565415,9.983333,61.116667,"Charcoal"
4704,"T-7942",676.887366605321,9.833333,61.133333,"Charcoal"
4705,"T-7943",1390.16800968551,9.983333,61.116667,"Charcoal"
4706,"T-7964",1005.1761489469,8.783419,60.438256,"Wood"
4707,"T-7965",171.675586883409,9.483333,60.416667,"Charcoal"
4708,"T-7966",133.245337049744,8.666667,60.8,"Charcoal"
4709,"T-7967",684.822262671752,8.416667,60.866667,"Charcoal"
4710,"T-7968",814.689757856097,8.583333,60.733333,"Charcoal"
4711,"T-7969",554.388553111522,9.05,60.8,"Charcoal"
4712,"T-7970",685.551687636348,7.85,60.7,"Charcoal"
4713,"T-7971",573.774277408755,7.85,60.7,"Charcoal"
4714,"T-7972",445.246122900299,7.85,60.7,"Charcoal"
4715,"T-7989",170.783696119381,9.2,61.666667,"Charcoal"
4716,"T-7990",1393.86878760827,9.2,61.666667,"Charcoal"
4735,"T-8068",2078.80137319355,7.917555,61.28506,"charcoal"
4736,"T-8093",686.964933376926,9.983333,61.166667,"Charcoal"
4737,"T-8094",582.308233143957,9.983333,61.166667,"Charcoal"
4738,"T-8095",866.364101569163,9.983333,61.116667,"Charcoal"
4739,"T-8096",624.434847295571,9.983333,61.116667,"Wood"
4740,"T-8097",1109.7539134904,9.983333,61.116667,"Charcoal"
4741,"T-8112",8844.95898940686,9.95,61.166667,"Charcoal"
4742,"T-8113",5068.95226622366,9.95,61.166667,"Charcoal"
4743,"T-8114",5135.25784901324,9.95,61.166667,"Charcoal"
4744,"T-8115",7659.98680950036,9.95,61.166667,"Charcoal"
4745,"T-8116",5275.66846898513,9.95,61.166667,"Charcoal"
4746,"T-8117",5563.6404523741,9.95,61.166667,"Charcoal"
4747,"T-8118",8409.50990049785,9.95,61.166667,"Charcoal"
4748,"T-8119",1686.55390625499,9.95,61.166667,"Charcoal"
4749,"T-8154",842.087207648951,9.983333,61.166667,"Charcoal"
4750,"T-8155",1652.67808117013,9.983333,61.116667,"Charcoal"
4751,"T-8156",441.275093694698,9.983333,61.116667,"Charcoal"
4752,"T-8157",1623.62084593829,9.933333,61.166667,"Charcoal"
4753,"T-8158",1839.80564296591,9.933333,61.166667,"Charcoal"
4757,"T-8208",503.584907325122,9.983333,61.116667,"Charcoal"
4758,"T-8209",1099.80685284849,9.983333,61.116667,"Charcoal"
4759,"T-8210",8528.92165600374,9.95,61.166667,"Charcoal"
4760,"T-8218",1085.11463039614,8.37703,62.010479,"bone"
4761,"T-8227",269.991838079984,8.916667,62.183333,"Charcoal"
4762,"T-8228",5407.23754339951,8.916667,62.183333,"Charcoal"
4763,"T-8229",170.783696119381,8.916667,62.183333,"Wood"
4770,"T-8273",840.877893559881,8.966667,60.833333,"Charcoal"
4771,"T-8274",765.080359979521,8.616667,60.7,"Charcoal"
4772,"T-8275",765.370091441617,8.1,60.75,"Charcoal"
4773,"T-8279",600.185159524815,8.1,60.75,"Charcoal"
4774,"T-8280",719.863113119663,9.3,60.666667,"Charcoal"
4775,"T-8281",1217.31866182079,8.75,60.766667,"Charcoal"
4776,"T-8287",686.095223330706,8.2,60.65,"Charcoal"
4777,"T-8288",718.645584773305,8.25,60.733333,"Charcoal"
4778,"T-8289",800.974930311767,8.583333,60.766667,"Charcoal"
4779,"T-8290",689.586369847101,8.583333,60.766667,"Charcoal"
4780,"T-8291",808.042021819288,8.666667,60.733333,"Charcoal"
4782,"T-8369",420.708070302688,9.95,61.166667,"Birchbark"
4783,"T-8370",398.231691601705,9.95,61.166667,"Birchbark"
4784,"T-8371",1905.7411892673,9.95,61.166667,"Birchbark"
4785,"T-8372",537.800270541152,9.95,61.166667,"Charcoal"
4786,"T-8373",568.468908343047,9.95,61.166667,"Birchbark"
4787,"T-8374",1925.08195306153,9.95,61.166667,"Birchbark"
4788,"T-8375",1713.32264640357,9.95,61.166667,"Birchbark"
4789,"T-8376",390.098371368667,9.95,61.166667,"Charcoal"
4790,"T-8377",595.362657658177,9.95,61.166667,"Charcoal"
4791,"T-8378",1352.10893113775,9.95,61.166667,"Wood"
4792,"T-8379",1522.58918782432,9.95,61.166667,"Birchbark"
4793,"T-8380",160.952685837762,9.95,61.166667,"Wood"
4794,"T-8381",2135.83220942418,9.95,61.166667,"Charcoal"
4795,"T-8382",3793.80274792392,9.95,61.166667,"Charcoal"
4796,"T-8383",397.411924910217,9.95,61.166667,"Charcoal"
4797,"T-8384",387.546739497909,9.95,61.166667,"Charcoal"
4798,"T-8385",815.196873269736,9.966667,61.15,"Charcoal"
4799,"T-8386",1205.63799898763,9.983333,61.116667,"Charcoal"
4800,"T-8387",1467.20746968884,9.983333,61.116667,"Charcoal"
4801,"T-8389",932.008615152707,9.95,61.166667,"Charcoal"
4802,"T-8390",721.624696058625,9.983333,61.116667,"Charcoal"
4877,"T-848",1696.12075873824,7.666667,60.5,"Charcoal"
4918,"T-8517",3828.89135697961,8.916667,62.183333,"Charcoal"
4922,"T-8538",486.586036629257,9.216667,60.6,"Charcoal"
4923,"T-8539",839.941261596376,8.666667,60.666667,"Charcoal"
4924,"T-8540",487.413808231857,8.45,60.65,"Charcoal"
4925,"T-8541",841.275986040279,8.583333,60.75,"Charcoal"
4926,"T-8542",1088.1799935712,8.6,60.766667,"Charcoal"
4927,"T-8543",922.852953319219,8.666667,60.666667,"Charcoal"
4929,"T-8630",732.977694895608,9.95,61.166667,"Birchbark"
4942,"T-8667",1072.15313446661,9.95,61.166667,"Charcoal"
5015,"T-9189",321.084043143209,9.25,61.916667,"Charcoal"
5022,"T-9197",1517.70948577469,9.2,61.666667,"Charcoal"
5023,"T-9198",569.575368953923,9.2,61.666667,"Charcoal"
5024,"T-9199",442.277840357451,9.2,61.666667,"Charcoal"
5058,"T-9245",806.419461078291,8.333333,60.3,"Charcoal"
5059,"T-9246",445.0761314305,8.8,60.316667,"Charcoal"
5079,"T-9474",215.675765876493,8.41,61.22,"Charcoal"
5080,"T-9475",1539.59214340434,8.41,61.22,"Charcoal"
5081,"T-9476",4469.16389796404,8.41,61.22,"Charcoal"
5082,"T-9477",1229.27563812101,8.41,61.22,"Charcoal"
5083,"T-9478",1233.57543808893,8.41,61.22,"Charcoal"
5109,"T-9574",2186.80229354218,9.333333,61.65,"Charcoal"
5112,"T-9599",635.779624202708,8.916667,61.8,"Birchbark"
5113,"T-9600",739.013536152804,8.916667,61.8,"Charcoal"
5114,"T-9601",727.669073084691,8.916667,61.8,"Charcoal"
5133,"T-971",384.803258441824,9.75,61.833333,"Wood"
5144,"T-972",2320.88074369688,9.75,61.833333,"Charcoal + sand"
5170,"T-9795",780.178159319165,8.533333,60.683333,"Charcoal"
5171,"T-9796",749.733177937804,8.233333,60.533333,"Charcoal"
5539,"TRa-2729",639.405773993536,7.7,60.716667,"Charcoal"
5540,"TRa-2730",740.521087044323,7.7,60.716667,"Charcoal"
5541,"TRa-2731",678.929466344789,7.7,60.716667,"Charcoal"
5542,"TRa-2732",1016.13850196904,7.7,60.716667,"Charcoal"
5543,"TRa-2733",610.072978837946,7.9,60.633333,"Charcoal"
5544,"TRa-2734",962.114975962219,7.9,60.633333,"Charcoal"
5545,"TRa-2735",703.032171662673,7.9,60.633333,"Charcoal"
5546,"TRa-2736",656.889753769017,8.166667,60.733333,"Charcoal"
5632,"TRa-4089",1251.24874406147,9.86,61.55,"Charcoal"
5633,"TRa-4090",886.38952509915,9.86,61.55,"Charcoal"
5634,"TRa-4091",797.238534787361,9.86,61.55,"Charcoal"
5635,"TRa-4092",606.801586055172,9.86,61.55,"Charcoal"
5636,"TRa-4093",995.623928406559,9.86,61.55,"Charcoal"
5637,"TRa-4094",697.626882891693,9.86,61.55,"Charcoal"
5638,"TRa-4095",1774.45866893054,9.86,61.55,"Charcoal"
5639,"TRa-4096",521.445209044201,9.86,61.55,"Charcoal"
5640,"TRa-4097",554.87148457016,9.86,61.55,"Charcoal"
5641,"TRa-4098",165.10091194196,9.86,61.55,"Charcoal"
5642,"TRa-4099",690.52025340425,9.86,61.55,"Charcoal"
5643,"TRa-4100",603.660885503228,9.86,61.55,"Charcoal"
5655,"TRa-966",1321.37603957715,8.833333,61.133333,"Charcoal"
5656,"TRa-967",1227.22053764896,8.833333,61.133333,"Charcoal"
5657,"TRa-968",1308.05226334434,8.833333,61.133333,"Charcoal"
5658,"TRa-969",1611.69477102329,8.833333,61.133333,"Charcoal"
5659,"TRa-970",864.004261311107,8.833333,61.133333,"Charcoal"
5660,"TRa-971",1277.51736709173,8.833333,61.133333,"Charcoal"
5661,"TRa-972",1105.27104689224,8.833333,61.133333,"Charcoal"
5662,"TRa-973",996.414708215427,8.833333,61.133333,"Charcoal"
5663,"TRa-974",1401.08407941374,8.833333,61.133333,"Charcoal"
5708,"TUa-1360",628.705753548162,8.816667,61.683333,"Bark"
5720,"TUa-1470",596.364681855042,8.4,61.166667,"Wood"
5722,"TUa-1472",764.830828397261,9.15,60.033333,"Wood"
5764,"TUa-1684",581.904326634826,8.75,60.266667,"Wood"
5765,"TUa-1685",793.096552494831,8.916667,61.133333,"Wood"
5786,"TUa-1942",475.164801552203,9,60.166667,"Wood"
5787,"TUa-1943",576.523931963608,9.266667,60.016667,"Wood"
5815,"TUa-2243",2839.18383235979,9.1,60.483333,"Charcoal"
5842,"TUa-2441",2238.4124095479,5.49,60.45,"Charcoal"
5910,"TUa-3116",3833.15303775164,5.49,60.45,"Charcoal"
5911,"TUa-3117",3912.70147952658,5.49,60.45,"Charcoal"
5988,"TUa-3693",606.337134932755,8.583333,61.116667,"bone"
6059,"TUa-4201",1475.67223358548,7.88,61.94,"Wood"
6108,"TUa-461",4558.1891901737,8.833333,62.233333,"Birch bark tar/pitch"
6255,"TUa-6739",1112.80930095572,8.233333,61.933333,"Charcoal"
6257,"TUa-6740",1196.872012614,8.233333,61.933333,"Nutshell"
6258,"TUa-6741",1066.35156962443,8.233333,61.933333,"Charcoal"
6259,"TUa-6742",1258.48093246078,8.233333,61.933333,"Charcoal"
6260,"TUa-6743",7347.87642696333,8.783333,62.183333,"bone"
6261,"TUa-6744",2582.08025976833,8.783333,62.183333,"Food crust"
6262,"TUa-6745",4903.28622550254,8.783333,62.183333,"Charcoal"
6263,"TUa-6746",5180.00820925096,8.783333,62.183333,"Charcoal"
6264,"TUa-6747",7791.44272734804,8.783333,62.183333,"Charcoal"
6286,"TUa-702",6723.76203571815,8.833333,62.233333,"Birch bark tar/pitch"
6320,"TUa-8283",184.965149350036,9.1,60.55,"Charcoal"
7503,"Ua-44686",1681.52439294256,9.86,61.55,"Charcoal"
7504,"Ua-44687",587.395664860895,9.86,61.55,"Charcoal"
7505,"Ua-44688",420.808301211653,9.86,61.55,"Charcoal"
7506,"Ua-44689",1571.40491818983,9.86,61.55,"Charcoal"
7507,"Ua-44690",135.968596838952,9.86,61.55,"Charcoal"
7508,"Ua-45133",1507.95336859093,9.9141,61.5668,"Charcoal"
7509,"Ua-45134",1597.0622810127,9.9141,61.5668,"Charcoal"
7510,"Ua-45135",1563.16115604334,9.9141,61.5668,"Charcoal"
7588,"Ua-45802",4574.42301422248,9.895807,61.569751,"Charcoal"
7589,"Ua-45803",1597.91335216967,9.895807,61.569751,"Charcoal"
7590,"Ua-45804",1668.67764887802,9.895807,61.569751,"Charcoal"
7591,"Ua-45805",2589.97245075784,9.895807,61.569751,"Cone"
7592,"Ua-45806",1607.78805367341,9.895807,61.569751,"Charcoal"
7593,"Ua-45807",1813.40789181093,9.895807,61.569751,"Charcoal"
7594,"Ua-45808",1600.42531010302,9.895807,61.569751,"Charcoal"
7595,"Ua-45809",6359.50233199673,9.895807,61.569751,"Charcoal"
7596,"Ua-45810",2848.61899960911,9.895807,61.569751,"Charcoal"
7597,"Ua-45811",2106.43002787175,9.895807,61.569751,"Charcoal"
7598,"Ua-45812",729.553337814343,9.895807,61.569751,"Charcoal"
7599,"Ua-45813",3411.32221403457,9.895807,61.569751,"Charcoal"
7600,"Ua-45814",746.142422568504,9.895807,61.569751,"Charcoal"
7601,"Ua-45815",854.581944715061,9.895807,61.569751,"Charcoal"
7602,"Ua-45816",1942.42955025139,9.86,61.55,"Charcoal"
7603,"Ua-45817",2462.4608915946,9.86,61.55,"Charcoal"
7604,"Ua-45818",2238.0337647441,9.86,61.55,"Charcoal"
7605,"Ua-45819",1613.49987959193,9.86,61.55,"Charcoal"
7606,"Ua-45820",2560.67548264682,9.86,61.55,"Charcoal"
7613,"Ua-45843",1703.75080033081,9.9141,61.5668,"Charcoal"
7614,"Ua-45844",1491.28713882653,9.9141,61.5668,"Charcoal"
7615,"Ua-45845",2386.69534418676,9.9141,61.5668,"Charcoal"
7616,"Ua-45846",2883.79387323004,9.9141,61.5668,"Charcoal"
7617,"Ua-45847",1464.6979169613,9.9141,61.5668,"Charcoal"
7618,"Ua-45848",2507.78506966732,9.9141,61.5668,"Charcoal"
7619,"Ua-45849",1640.11946563233,9.9141,61.5668,"Charcoal"
7620,"Ua-45850",1585.99373824586,9.9141,61.5668,"Charcoal"
7621,"Ua-45851",1500.92491206794,9.9141,61.5668,"Charcoal"
7622,"Ua-45852",1921.33291854516,9.9141,61.5668,"Charcoal"
7623,"Ua-45853",1417.53349346537,9.9141,61.5668,"Charcoal"
7624,"Ua-45854",1451.42761475881,9.9141,61.5668,"Charcoal"
7625,"Ua-45855",1493.18093551767,9.9141,61.5668,"Charcoal"
7626,"Ua-45856",1485.2628923317,9.9141,61.5668,"Charcoal"
7627,"Ua-45857",1569.67326245849,9.9141,61.5668,"Charcoal"
7628,"Ua-45858",2090.73169910706,9.9141,61.5668,"Charcoal"
7629,"Ua-45859",1588.08146883278,9.9141,61.5668,"Charcoal"
7630,"Ua-45860",1470.31736653045,9.9141,61.5668,"Charcoal"
7631,"Ua-45861",2131.55584177144,9.9141,61.5668,"Charcoal"
7632,"Ua-45862",3930.6297928341,9.9141,61.5668,"Charcoal"
7633,"Ua-45863",2623.12800471549,9.9141,61.5668,"Charcoal"
7634,"Ua-45864",1648.78982526816,9.9141,61.5668,"Charcoal"
7635,"Ua-45865",1612.28857711357,9.9141,61.5668,"Charcoal"
7636,"Ua-45866",3425.62194648467,9.9141,61.5668,"Charcoal"
7637,"Ua-45867",1459.97361734516,9.9141,61.5668,"Charcoal"
7638,"Ua-45868",1271.69374197496,9.9141,61.5668,"Charcoal"
7639,"Ua-45869",1658.2007177922,9.9141,61.5668,"Charcoal"
7640,"Ua-45870",2418.35740502235,9.9141,61.5668,"Charcoal"
7641,"Ua-45871",1684.63868626411,9.9141,61.5668,"Charcoal"
7642,"Ua-45872",1531.8194636946,9.9141,61.5668,"Charcoal"
7643,"Ua-45873",1670.24927009579,9.9141,61.5668,"Charcoal"
7644,"Ua-45874",1562.00447291528,9.9141,61.5668,"Charcoal"
7645,"Ua-45875",2788.40026449977,9.9141,61.5668,"Charcoal"
7646,"Ua-45876",1799.5129564228,9.9141,61.5668,"Charcoal"
7647,"Ua-45877",1576.70946550359,9.9141,61.5668,"Charcoal"
7648,"Ua-45878",1921.99061535773,9.9141,61.5668,"Charcoal"
7649,"Ua-45879",1795.62938380797,9.9141,61.5668,"Charcoal"
7650,"Ua-45880",2576.13918283365,9.9141,61.5668,"Charcoal"
7651,"Ua-45881",1677.91895436251,9.9141,61.5668,"Charcoal"
7652,"Ua-45882",1934.18630909827,9.9141,61.5668,"Charcoal"
7653,"Ua-45883",1645.39435043207,9.9141,61.5668,"Charcoal"
7654,"Ua-45884",1611.37148653037,9.9141,61.5668,"Charcoal"
7655,"Ua-45885",1871.0840236443,9.9141,61.5668,"Charcoal"
7656,"Ua-45886",1573.81896276514,9.9141,61.5668,"Charcoal"
7657,"Ua-45887",1570.60317892875,9.9141,61.5668,"Charcoal"
7658,"Ua-45888",1808.21455271059,9.9141,61.5668,"Charcoal"
7659,"Ua-45890",1616.79346422541,9.9141,61.5668,"Charcoal"
7660,"Ua-45891",4084.58207735163,9.9141,61.5668,"Charcoal"
7661,"Ua-45892",1629.94483886897,9.9141,61.5668,"Charcoal"
7662,"Ua-45893",1764.95742606479,9.9141,61.5668,"Charcoal"
7663,"Ua-45894",1652.40851212202,9.9141,61.5668,"Charcoal"
7664,"Ua-45895",1666.41330650542,9.9141,61.5668,"Charcoal"
7665,"Ua-45896",1504.12115087365,9.9141,61.5668,"Charcoal"
7666,"Ua-45897",1606.97419294997,9.9141,61.5668,"Charcoal"
7667,"Ua-45898",2235.05719628775,9.9141,61.5668,"Charcoal"
7668,"Ua-45899",1703.75080033081,9.9141,61.5668,"Charcoal"
7669,"Ua-45900",2444.80806015568,9.9141,61.5668,"Charcoal"
7670,"Ua-45901",1709.35451585498,9.9141,61.5668,"Charcoal"
7671,"Ua-45902",1839.24311872804,9.9141,61.5668,"Charcoal"
7693,"Ua-46096",1572.62560794359,9.895807,61.569751,"Charcoal"
7694,"Ua-46097",1589.91000279341,9.895807,61.569751,"Charcoal"
7695,"Ua-46098",1597.0622810127,9.895807,61.569751,"Charcoal"
7696,"Ua-46099",1583.82650533293,9.895807,61.569751,"Charcoal"
7697,"Ua-46100",2097.37586075452,9.895807,61.569751,"Charcoal"
7698,"Ua-46101",1910.2038826131,9.895807,61.569751,"Charcoal"
7699,"Ua-46102",1679.3116408314,9.895807,61.569751,"Charcoal"
7700,"Ua-46103",1748.9927927587,9.895807,61.569751,"Charcoal"
7701,"Ua-46104",1491.28713882653,9.895807,61.569751,"Charcoal"
7702,"Ua-46105",2044.41550642982,9.895807,61.569751,"Charcoal"
7703,"Ua-46106",1735.52415680778,9.895807,61.569751,"Charcoal"
7704,"Ua-46107",1645.30220771788,9.895807,61.569751,"Cereal"
7705,"Ua-46108",2240.1448085882,9.895807,61.569751,"Charcoal"
7706,"Ua-46109",4730.61099108547,9.895807,61.569751,"Charcoal"
7707,"Ua-46110",1768.72347880871,9.895807,61.569751,"Charcoal"
7708,"Ua-46111",1473.88969483744,9.895807,61.569751,"Charcoal"
7709,"Ua-46112",3309.20695237299,9.895807,61.569751,"Charcoal"
7710,"Ua-46113",1461.11625340455,9.895807,61.569751,"Charcoal"
7711,"Ua-46114",1470.22281099947,9.895807,61.569751,"Charcoal"
7712,"Ua-46115",1776.80648103836,9.895807,61.569751,"Charcoal"
7713,"Ua-46116",1474.42856889532,9.895807,61.569751,"Charcoal"
7714,"Ua-46117",5305.12766121111,9.895807,61.569751,"Charcoal"
7715,"Ua-46118",905.189598815278,9.895807,61.569751,"Charcoal"
7716,"Ua-46119",599.490940015183,9.86,61.55,"Charcoal"
7786,"Ua-46496",1520.64762458046,9.58,61.61,"Charcoal"
7787,"Ua-46497",128.956354620202,9.58,61.61,"Charcoal"
7788,"Ua-46498",1324.5289760825,9.58,61.61,"Charcoal"
7789,"Ua-46499",184.555087786313,9.58,61.61,"Charcoal"
7790,"Ua-46500",821.25936163816,9.58,61.61,"Charcoal"
7791,"Ua-46501",1503.21014511357,9.58,61.61,"Charcoal"
7792,"Ua-46519",2058.83208607993,9.895807,61.569751,"Charcoal"
7793,"Ua-46520",1614.43204899826,9.895807,61.569751,"Charcoal"
7794,"Ua-46521",2098.10277995009,9.895807,61.569751,"Charcoal"
7795,"Ua-46522",4900.79877833859,9.895807,61.569751,"Charcoal"
7796,"Ua-46523",388.355922769831,9.895807,61.569751,"Charcoal"
7797,"Ua-46524",3167.71574717483,9.895807,61.569751,"Charcoal"
7798,"Ua-46525",1737.14923323355,9.895807,61.569751,"Charcoal"
7799,"Ua-46526",1643.8420446216,9.895807,61.569751,"Charcoal"
7800,"Ua-46527",1525.3097331914,9.895807,61.569751,"Charcoal"
7801,"Ua-46528",1681.76567025349,9.895807,61.569751,"Charcoal"
7802,"Ua-46529",1611.37148653037,9.895807,61.569751,"Charcoal"
7803,"Ua-46530",1273.3121684607,9.895807,61.569751,"Charcoal"
7804,"Ua-46531",1470.5586628376,9.895807,61.569751,"Charcoal"
7805,"Ua-46532",1514.63058298961,9.895807,61.569751,"Charcoal"
7806,"Ua-46533",3751.37351855048,9.895807,61.569751,"Charcoal"
7807,"Ua-46534",1482.73202263669,9.895807,61.569751,"Cereal"
7808,"Ua-46535",1449.13811929397,9.895807,61.569751,"Cereal"
7809,"Ua-46536",1598.7584389088,9.895807,61.569751,"Charcoal"
7810,"Ua-46537",1392.2722614212,9.895807,61.569751,"Cereal"
7817,"Ua-46647",205.291115142694,9.9141,61.5668,"Charcoal"
7818,"Ua-46648",1502.29495248181,9.9141,61.5668,"Charcoal"
