"","Coniferous woodland","Deciduous woodland","Wet woodland","Wet meadow","Pasture","Arable land","Heath"
"SPD","16.31","9.736","0.171","5.512","8.977","9.458","18.064"
"Climate","27.882","16.448","0","0.522","0.204","1.669","0.262"
"All","-7.769","-2.848","0.001","0.876","2.187","-0.117","-0.181"
"SPD_before","11.873","31.994","5.552","3.161","1.913","1.238","1.687"
"Climate_before","7.117","22.207","0.399","4.296","1.392","3.246","4.893"
"All_before","-4.921","-7.249","0.341","-0.574","0.245","0.282","1.705"
"SPD_after","24.258","15.86","4.861","11.192","9.693","15.227","25.48"
"Climate_after","47.371","38.241","0.37","13.043","0.955","3.278","0.56"
"All_after","-4.014","-1.039","-0.345","3.566","-0.883","2.724","1.456"
