"Equation","Excluded","F","df1","df2","p.F","sig.F","Chisq","df","p.Chisq","sig.Chisq","Causality"
"heaSMs","SPD",1.65524354536486,1,26,0.209585011348672,"   ",1.65524354536486,1,0.198246756437661,"   ","heaSMs <= SPD"
"heaSMs","clim",4.83087403053406,1,26,0.0370577743985452,"*  ",4.83087403053406,1,0.0279544554821393,"*  ","heaSMs <= clim"
"heaSMs","SPD|clim",2.44012181405683,2,26,0.106857298234216,"   ",4.88024362811366,2,0.0871502346917171,".  ","heaSMs <= SPD|clim"
"araSMs","SPD",1.78918848605711,1,26,0.192608935163182,"   ",1.78918848605711,1,0.181025069085453,"   ","araSMs <= SPD"
"araSMs","clim",1.59032840258167,1,26,0.218477924852647,"   ",1.59032840258167,1,0.207279220530952,"   ","araSMs <= clim"
"araSMs","SPD|clim",1.05027494239327,2,26,0.364217562491205,"   ",2.10054988478653,2,0.349841549614187,"   ","araSMs <= SPD|clim"
"pasSMs","SPD",2.62225367698402,2,22,0.0951877228784523,".  ",5.24450735396805,2,0.0726389734373506,".  ","pasSMs <= SPD"
"pasSMs","clim",5.55367026552013,2,22,0.0111553251827987,"*  ",11.1073405310403,2,0.00387321539486486,"** ","pasSMs <= clim"
"pasSMs","SPD|clim",3.85452559213874,4,22,0.0160573869593188,"*  ",15.418102368555,4,0.00390816105742261,"** ","pasSMs <= SPD|clim"
"wetmSMs","SPD",3.0712366509923,1,26,0.0914757332904716,".  ",3.0712366509923,1,0.079688830534666,".  ","wetmSMs <= SPD"
"wetmSMs","clim",1.50508847875911,1,26,0.230884063781499,"   ",1.50508847875911,1,0.219890073314133,"   ","wetmSMs <= clim"
"wetmSMs","SPD|clim",1.54936243265848,2,26,0.231362019842193,"   ",3.09872486531695,2,0.212383339350893,"   ","wetmSMs <= SPD|clim"
"wetwSMs","SPD",1.45926279539187,1,26,0.237920940129696,"   ",1.45926279539187,1,0.227047454131643,"   ","wetwSMs <= SPD"
"wetwSMs","clim",0.633177520703283,1,26,0.433397362149828,"   ",0.633177520703283,1,0.426192168422931,"   ","wetwSMs <= clim"
"wetwSMs","SPD|clim",0.729894540376093,2,26,0.491575196483726,"   ",1.45978908075219,2,0.48195981471098,"   ","wetwSMs <= SPD|clim"
"decSMs","SPD",0.149154992435615,2,22,0.862299341357073,"   ",0.29830998487123,2,0.861435588551444,"   ","decSMs <= SPD"
"decSMs","clim",3.49263577101405,2,22,0.048161320117117,"*  ",6.98527154202809,2,0.0304205847126053,"*  ","decSMs <= clim"
"decSMs","SPD|clim",2.16311922911166,4,22,0.10686754703724,"   ",8.65247691644665,4,0.0703978047132469,".  ","decSMs <= SPD|clim"
"conSMs","SPD",0.893542029718895,1,26,0.353221774591778,"   ",0.893542029718895,1,0.344519253056016,"   ","conSMs <= SPD"
"conSMs","clim",0.454307925041328,1,26,0.506245078129628,"   ",0.454307925041328,1,0.500296257120574,"   ","conSMs <= clim"
"conSMs","SPD|clim",0.691406453458885,2,26,0.509845693380939,"   ",1.38281290691777,2,0.500871121522984,"   ","conSMs <= SPD|clim"
"heaSWs","SPD",0.181389150733649,1,26,0.67368721272488,"   ",0.181389150733649,1,0.670182134410056,"   ","heaSWs <= SPD"
"heaSWs","clim",1.14912810183465,1,26,0.293581596256076,"   ",1.14912810183465,1,0.283731742817979,"   ","heaSWs <= clim"
"heaSWs","SPD|clim",1.31569451739128,2,26,0.285563100525101,"   ",2.63138903478257,2,0.268287927887533,"   ","heaSWs <= SPD|clim"
"araSWs","SPD",0.296253542123865,1,26,0.590878567638285,"   ",0.296253542123865,1,0.586240702348625,"   ","araSWs <= SPD"
"araSWs","clim",1.85869491983497,1,26,0.18446549053803,"   ",1.85869491983497,1,0.172775500810212,"   ","araSWs <= clim"
"araSWs","SPD|clim",1.0542358717712,2,26,0.362885391883851,"   ",2.1084717435424,2,0.348458592648231,"   ","araSWs <= SPD|clim"
"pasSWs","SPD",0.0535237741700269,1,26,0.818852353391269,"   ",0.0535237741700269,1,0.817041307971775,"   ","pasSWs <= SPD"
"pasSWs","clim",2.96323185106822,1,26,0.0970573078177616,".  ",2.96323185106822,1,0.0851775326201975,".  ","pasSWs <= clim"
"pasSWs","SPD|clim",2.63840564624216,2,26,0.0905235164400231,".  ",5.27681129248432,2,0.0714751354117745,".  ","pasSWs <= SPD|clim"
"wetmSWs","SPD",0.0229649603235276,1,26,0.880717966123227,"   ",0.0229649603235276,1,0.879548227559787,"   ","wetmSWs <= SPD"
"wetmSWs","clim",0.0807173762890533,1,26,0.778577966404377,"   ",0.0807173762890533,1,0.776327588549246,"   ","wetmSWs <= clim"
"wetmSWs","SPD|clim",0.0439449404038206,2,26,0.957077573221213,"   ",0.0878898808076413,2,0.957006648422065,"   ","wetmSWs <= SPD|clim"
"wetwSWs","SPD",1.18367350349512,1,26,0.286592272513475,"   ",1.18367350349512,1,0.276609410171587,"   ","wetwSWs <= SPD"
"wetwSWs","clim",0.603419365765029,1,26,0.444286598121889,"   ",0.603419365765029,1,0.437276349191328,"   ","wetwSWs <= clim"
"wetwSWs","SPD|clim",0.591943505123892,2,26,0.56053571676794,"   ",1.18388701024778,2,0.553250993044302,"   ","wetwSWs <= SPD|clim"
"decSWs","SPD",1.7322955562783,1,26,0.199604319736343,"   ",1.7322955562783,1,0.188117999119415,"   ","decSWs <= SPD"
"decSWs","clim",0.909824695931877,1,26,0.348945558896888,"   ",0.909824695931877,1,0.340160936320811,"   ","decSWs <= clim"
"decSWs","SPD|clim",3.40054582607872,2,26,0.0487647108708511,"*  ",6.80109165215743,2,0.0333550589297296,"*  ","decSWs <= SPD|clim"
"conSWs","SPD",1.66950804814253,1,26,0.207691523597439,"   ",1.66950804814253,1,0.196324440309309,"   ","conSWs <= SPD"
"conSWs","clim",3.38032658630292,1,26,0.0774292222378815,".  ",3.38032658630292,1,0.0659789799280263,".  ","conSWs <= clim"
"conSWs","SPD|clim",5.0369149318101,2,26,0.0141629668594167,"*  ",10.0738298636202,2,0.00649375111242257,"** ","conSWs <= SPD|clim"
"heaMMs","SPD",1.12430972359489,1,54,0.293712035111104,"   ",1.12430972359489,1,0.288992347964939,"   ","heaMMs <= SPD"
"heaMMs","clim",0.00563875978209464,1,54,0.94041927036691,"   ",0.00563875978209464,1,0.940141770835245,"   ","heaMMs <= clim"
"heaMMs","SPD|clim",0.922897060364659,2,54,0.403542053790025,"   ",1.84579412072932,2,0.397366178129141,"   ","heaMMs <= SPD|clim"
"araMMs","SPD",1.9426472599383,1,54,0.169091075642383,"   ",1.9426472599383,1,0.163381386826332,"   ","araMMs <= SPD"
"araMMs","clim",4.22660848203055,1,54,0.0446426916944561,"*  ",4.22660848203055,1,0.039794883764672,"*  ","araMMs <= clim"
"araMMs","SPD|clim",2.11410939242187,2,54,0.130625172347748,"   ",4.22821878484373,2,0.120740774331284,"   ","araMMs <= SPD|clim"
"pasMMs","SPD",0.934767704789218,1,54,0.337937413156393,"   ",0.934767704789218,1,0.333627096745873,"   ","pasMMs <= SPD"
"pasMMs","clim",0.104334865483819,1,54,0.747935842339409,"   ",0.104334865483819,1,0.746688365841947,"   ","pasMMs <= clim"
"pasMMs","SPD|clim",0.542860811151314,2,54,0.58422125409747,"   ",1.08572162230263,2,0.581083502078687,"   ","pasMMs <= SPD|clim"
"wetmMMs","SPD",0.278396671223644,1,54,0.599915421137601,"   ",0.278396671223644,1,0.597754025840855,"   ","wetmMMs <= SPD"
"wetmMMs","clim",0.520912908206717,1,54,0.473566256452596,"   ",0.520912908206717,1,0.470452520951136,"   ","wetmMMs <= clim"
"wetmMMs","SPD|clim",0.261278150722217,2,54,0.771034578560864,"   ",0.522556301444434,2,0.770066695215695,"   ","wetmMMs <= SPD|clim"
"wetwMMs","SPD",1.68239958061361,2,50,0.196280938574601,"   ",3.36479916122722,2,0.185927292800178,"   ","wetwMMs <= SPD"
"wetwMMs","clim",0.975201212416619,2,50,0.384173324683633,"   ",1.95040242483324,2,0.377116465413241,"   ","wetwMMs <= clim"
"wetwMMs","SPD|clim",2.28754952097166,4,50,0.0728850163024552,".  ",9.15019808388664,4,0.0574529481398238,".  ","wetwMMs <= SPD|clim"
"decMMs","SPD",5.83362205763215,1,54,0.0191375165024601,"*  ",5.83362205763215,1,0.015722719241548,"*  ","decMMs <= SPD"
"decMMs","clim",2.28746249155548,1,54,0.136253845796051,"   ",2.28746249155548,1,0.130422996121275,"   ","decMMs <= clim"
"decMMs","SPD|clim",2.9602629149635,2,54,0.060268431296815,".  ",5.92052582992701,2,0.0518052949948242,".  ","decMMs <= SPD|clim"
"conMMs","SPD",8.07064405480409,1,54,0.0063327261141208,"** ",8.07064405480409,1,0.00449881234911103,"** ","conMMs <= SPD"
"conMMs","clim",8.24960870071602,1,54,0.00581365684323637,"** ",8.24960870071602,1,0.00407607865883534,"** ","conMMs <= clim"
"conMMs","SPD|clim",4.85330083569334,2,54,0.0115252847407524,"*  ",9.70660167138668,2,0.00780257996141286,"** ","conMMs <= SPD|clim"
"heaMWs","SPD",0.791819856468322,2,50,0.458617420066861,"   ",1.58363971293664,2,0.453019613979554,"   ","heaMWs <= SPD"
"heaMWs","clim",3.58512998461544,2,50,0.0350748588065535,"*  ",7.17025996923088,2,0.0277330625244142,"*  ","heaMWs <= clim"
"heaMWs","SPD|clim",3.77110556626234,4,50,0.00932095709040478,"** ",15.0844222650494,4,0.00452928475165012,"** ","heaMWs <= SPD|clim"
"araMWs","SPD",0.0751942237154791,1,54,0.784965185503862,"   ",0.0751942237154791,1,0.78391890053971,"   ","araMWs <= SPD"
"araMWs","clim",1.01286668669799,1,54,0.318705600940557,"   ",1.01286668669799,1,0.314217047787297,"   ","araMWs <= clim"
"araMWs","SPD|clim",0.513803268074671,2,54,0.601111015495402,"   ",1.02760653614934,2,0.598216070686356,"   ","araMWs <= SPD|clim"
"pasMWs","SPD",1.51320385521672,4,42,0.21570509552218,"   ",6.05281542086689,4,0.195238553077326,"   ","pasMWs <= SPD"
"pasMWs","clim",1.23186713902633,4,42,0.311959756554923,"   ",4.92746855610533,4,0.294820966568692,"   ","pasMWs <= clim"
"pasMWs","SPD|clim",1.73316130881259,8,42,0.118877995879582,"   ",13.8652904705007,8,0.0853448463570273,".  ","pasMWs <= SPD|clim"
"wetmMWs","SPD",3.32433423556799,5,38,0.0137674990646715,"*  ",16.6216711778399,5,0.00527611345619797,"** ","wetmMWs <= SPD"
"wetmMWs","clim",0.759466664795365,5,38,0.584610714224433,"   ",3.79733332397682,5,0.578948240128962,"   ","wetmMWs <= clim"
"wetmMWs","SPD|clim",2.04483181590929,10,38,0.0552913570115909,".  ",20.4483181590929,10,0.0252864097060191,"*  ","wetmMWs <= SPD|clim"
"wetwMWs","SPD",1.72949878284432,1,54,0.19403224813866,"   ",1.72949878284432,1,0.18847492027023,"   ","wetwMWs <= SPD"
"wetwMWs","clim",3.42966023378243,1,54,0.0695053532697042,".  ",3.42966023378243,1,0.0640352740136464,".  ","wetwMWs <= clim"
"wetwMWs","SPD|clim",1.89065061094637,2,54,0.160832544819513,"   ",3.78130122189274,2,0.150973551830862,"   ","wetwMWs <= SPD|clim"
"decMWs","SPD",0.156832079872971,1,54,0.693650515169961,"   ",0.156832079872971,1,0.692090050959461,"   ","decMWs <= SPD"
"decMWs","clim",0.140457000311934,1,54,0.709294988679855,"   ",0.140457000311934,1,0.707827114211832,"   ","decMWs <= clim"
"decMWs","SPD|clim",0.253562326578555,2,54,0.776950139014981,"   ",0.50712465315711,2,0.776031376037299,"   ","decMWs <= SPD|clim"
"conMWs","SPD",2.37016306080863,1,54,0.129513978303918,"   ",2.37016306080863,1,0.123674132700251,"   ","conMWs <= SPD"
"conMWs","clim",0.0339248164788341,1,54,0.854556774673811,"   ",0.0339248164788341,1,0.853866830956476,"   ","conMWs <= clim"
"conMWs","SPD|clim",1.82670575966128,2,54,0.170748234624404,"   ",3.65341151932255,2,0.160942879983154,"   ","conMWs <= SPD|clim"
"heaSEs","SPD",0.845979197444798,1,46,0.362490608424097,"   ",0.845979197444798,1,0.35769229747007,"   ","heaSEs <= SPD"
"heaSEs","clim",2.45386095365656,1,46,0.124090368114236,"   ",2.45386095365656,1,0.117236185371248,"   ","heaSEs <= clim"
"heaSEs","SPD|clim",2.07752505240372,2,46,0.13683359924459,"   ",4.15505010480745,2,0.125239790864429,"   ","heaSEs <= SPD|clim"
"araSEs","SPD",0.373051705982447,1,46,0.544351806828473,"   ",0.373051705982447,1,0.541345507941685,"   ","araSEs <= SPD"
"araSEs","clim",0.578546177139275,1,46,0.450764145363238,"   ",0.578546177139275,1,0.44688273792928,"   ","araSEs <= clim"
"araSEs","SPD|clim",0.385244935525368,2,46,0.682458109057696,"   ",0.770489871050736,2,0.680283990080133,"   ","araSEs <= SPD|clim"
"pasSEs","SPD",0.912191336236556,1,46,0.344526128095994,"   ",0.912191336236556,1,0.339533660541851,"   ","pasSEs <= SPD"
"pasSEs","clim",0.66378292817954,1,46,0.419425737388774,"   ",0.66378292817954,1,0.415227595596287,"   ","pasSEs <= clim"
"pasSEs","SPD|clim",0.846396097248818,2,46,0.435528820058244,"   ",1.69279219449764,2,0.428958072792432,"   ","pasSEs <= SPD|clim"
"wetmSEs","SPD",0.456937135663576,1,46,0.502443439759457,"   ",0.456937135663576,1,0.499058896491521,"   ","wetmSEs <= SPD"
"wetmSEs","clim",2.75841992347605,1,46,0.103545852716847,"   ",2.75841992347605,1,0.0967437455881175,".  ","wetmSEs <= clim"
"wetmSEs","SPD|clim",1.52308571086748,2,46,0.228829788586186,"   ",3.04617142173496,2,0.218038045480446,"   ","wetmSEs <= SPD|clim"
"wetwSEs","SPD",2.72521245782461,1,46,0.105587100711345,"   ",2.72521245782461,1,0.0987749771076581,".  ","wetwSEs <= SPD"
"wetwSEs","clim",0.195675924262524,1,46,0.660306969014738,"   ",0.195675924262524,1,0.658233990401875,"   ","wetwSEs <= clim"
"wetwSEs","SPD|clim",1.54410880430272,2,46,0.224363949215774,"   ",3.08821760860543,2,0.213502058579218,"   ","wetwSEs <= SPD|clim"
"decSEs","SPD",0.511444261190252,1,46,0.478128521381629,"   ",0.511444261190252,1,0.474514313979473,"   ","decSEs <= SPD"
"decSEs","clim",1.76408385153602,1,46,0.190668504195237,"   ",1.76408385153602,1,0.184115946975126,"   ","decSEs <= clim"
"decSEs","SPD|clim",0.976982163032451,2,46,0.384119419516527,"   ",1.9539643260649,2,0.376445437323232,"   ","decSEs <= SPD|clim"
"conSEs","SPD",0.163252436674207,1,46,0.68805195311476,"   ",0.163252436674207,1,0.686179560488624,"   ","conSEs <= SPD"
"conSEs","clim",0.472005992711701,1,46,0.495514990359968,"   ",0.472005992711701,1,0.49206576278678,"   ","conSEs <= clim"
"conSEs","SPD|clim",0.387894491301189,2,46,0.680682102089668,"   ",0.775788982602378,2,0.678483925443904,"   ","conSEs <= SPD|clim"
"heaNs","SPD",2.82638725778624,1,61,0.0978405495327712,".  ",2.82638725778624,1,0.0927267405056474,".  ","heaNs <= SPD"
"heaNs","clim",4.91740197471372,1,61,0.0303229130783772,"*  ",4.91740197471372,1,0.0265874697964004,"*  ","heaNs <= clim"
"heaNs","SPD|clim",2.47735737333541,2,61,0.09237653197467,".  ",4.95471474667083,2,0.083964820340261,".  ","heaNs <= SPD|clim"
"araNs","SPD",1.0642201337526,1,61,0.306327560337513,"   ",1.0642201337526,1,0.302254639999258,"   ","araNs <= SPD"
"araNs","clim",0.158122494473473,1,61,0.692279153579398,"   ",0.158122494473473,1,0.690891005558005,"   ","araNs <= clim"
"araNs","SPD|clim",0.672787430168273,2,61,0.514029612976849,"   ",1.34557486033655,2,0.510284211941868,"   ","araNs <= SPD|clim"
"pasNs","SPD",0.0685866086132915,1,61,0.794288231451697,"   ",0.0685866086132915,1,0.793405901332558,"   ","pasNs <= SPD"
"pasNs","clim",0.000016999053638606,1,61,0.99672379274813,"   ",0.000016999053638606,1,0.996710338567992,"   ","pasNs <= clim"
"pasNs","SPD|clim",0.0456917530982653,2,61,0.955369060798732,"   ",0.0913835061965305,2,0.955336396293455,"   ","pasNs <= SPD|clim"
"wetmNs","SPD",1.75083948933681,3,53,0.167830645046205,"   ",5.25251846801042,3,0.154213238320891,"   ","wetmNs <= SPD"
"wetmNs","clim",2.15507972872877,3,53,0.104223524732587,"   ",6.46523918618631,3,0.091043511246208,".  ","wetmNs <= clim"
"wetmNs","SPD|clim",1.29737861341965,6,53,0.27453917575475,"   ",7.78427168051788,6,0.254338029698623,"   ","wetmNs <= SPD|clim"
"wetwNs","SPD",1.49642256746261,2,57,0.232594164700784,"   ",2.99284513492522,2,0.223929822760099,"   ","wetwNs <= SPD"
"wetwNs","clim",3.59101077296433,2,57,0.0339743937057006,"*  ",7.18202154592866,2,0.0275704488703306,"*  ","wetwNs <= clim"
"wetwNs","SPD|clim",3.20028706361086,4,57,0.0193468930539035,"*  ",12.8011482544434,4,0.0122894200503384,"*  ","wetwNs <= SPD|clim"
"decNs","SPD",0.554135273024165,1,61,0.459491118034072,"   ",0.554135273024165,1,0.456632929392157,"   ","decNs <= SPD"
"decNs","clim",0.811634666640473,1,61,0.371180626115105,"   ",0.811634666640473,1,0.36763740195209,"   ","decNs <= clim"
"decNs","SPD|clim",1.58484680708284,2,61,0.213302533500049,"   ",3.16969361416568,2,0.204979192072077,"   ","decNs <= SPD|clim"
"conNs","SPD",0.172856412045302,2,57,0.841697727150799,"   ",0.345712824090604,2,0.841258400745851,"   ","conNs <= SPD"
"conNs","clim",1.6145699067237,2,57,0.207942642076493,"   ",3.22913981344741,2,0.198976230378953,"   ","conNs <= clim"
"conNs","SPD|clim",1.22770744048144,4,57,0.309306194712517,"   ",4.91082976192577,4,0.296569896522944,"   ","conNs <= SPD|clim"
